{
  "google/gemma-2-9b-it": 0.8534338358458962,
  "qwen/qwen-2.5-7b-instruct": 0.8391959798994975,
  "meta-llama/llama-3.1-8b-instruct": 0.8257956448911222,
  "mistralai/mistral-7b-instruct": 0.7110552763819096
}